variant_id,gene,position,severity_label
HBB-Gly119Ser,HBB,119,mild
HBB-Leu78Met,HBB,78,mild
HBB-Val34Leu,HBB,34,mild
HBB-Val54Ile,HBB,54,mild
HBB-Asn108Lys,HBB,108,severe
HBB-Phe42Ile,HBB,42,severe
HBB-Asn108His,HBB,108,mild
HBB-His77Leu,HBB,77,benign
HBB-Leu31Met,HBB,31,mild
HBB-Asp79Glu,HBB,79,mild
HBB-Val20Leu,HBB,20,mild
HBB-Asn108Ile,HBB,108,mild
HBB-His2Gln,HBB,2,benign
HBB-Leu96Arg,HBB,96,severe
HBB-Ala27Thr,HBB,27,severe
HBB-Gln131His,HBB,131,mild
HBB-Ala138Val,HBB,138,mild
HBB-Thr84Asn,HBB,84,mild
HBB-Pro100Thr,HBB,100,mild
HBB-Gly24Ser,HBB,24,mild
HBB-Ala115Val,HBB,115,mild
HBB-Leu78Val,HBB,78,mild
HBB-Ala70Pro,HBB,70,mild
HBB-Glu26Lys,HBB,26,severe
HBB-Asn139Ile,HBB,139,mild
HBB-Arg30Met,HBB,30,severe
HBB-His97Gln,HBB,97,severe
HBB-Thr4Asn,HBB,4,mild
HBB-Ala53Thr,HBB,53,severe
HBB-Ala129Thr,HBB,129,mild
HBB-Leu110Gln,HBB,110,mild
HBB-Glu43Lys,HBB,43,mild
HBB-Gly69Ala,HBB,69,mild
HBB-Leu28Val,HBB,28,mild
HBB-Ala53Val,HBB,53,mild
HBB-Leu14Val,HBB,14,mild
HBB-Val133Leu,HBB,133,mild
HBB-Ala128Thr,HBB,128,mild
HBB-Val137Met,HBB,137,mild
HBB-Asn102Ile,HBB,102,mild
HBB-Gly107Asp,HBB,107,severe
HBB-Thr38Ser,HBB,38,mild
HBB-Ala135Val,HBB,135,mild
HBB-Glu7Asp,HBB,7,mild
HBB-Ala70Gly,HBB,70,mild
HBB-Val67Leu,HBB,67,mild
HBB-Gly64Ser,HBB,64,mild
HBB-Lys61Thr,HBB,61,mild
HBB-Trp37Cys,HBB,37,mild
HBB-His92Gln,HBB,92,severe
HBB-Val60Leu,HBB,60,mild
HBB-Ala86Ser,HBB,86,mild
HBB-Asn139Lys,HBB,139,mild
HBB-Glu101Asp,HBB,101,mild
HBA1-Val55Ile,HBA1,55,mild
HBA1-His20Gln,HBA1,20,benign
HBA1-Phe128Val,HBA1,128,mild
HBA1-Pro114His,HBA1,114,mild
HBA1-Ala82Pro,HBA1,82,mild
HBA1-Asp64Ala,HBA1,64,mild
HBA1-Cys104Tyr,HBA1,104,mild
HBA1-Phe128Ser,HBA1,128,severe
HBA1-Asp85Gly,HBA1,85,mild
HBA1-Glu23Ala,HBA1,23,mild
HBA1-Phe117Val,HBA1,117,mild
HBA1-Val55Gly,HBA1,55,mild
HBA1-Asn97Ile,HBA1,97,mild
HBA1-Met76Ile,HBA1,76,mild
HBA1-Leu101Pro,HBA1,101,mild
HBA1-Ser52Cys,HBA1,52,mild
HBA1-Phe46Leu,HBA1,46,mild
HBA1-Ser131Ala,HBA1,131,mild
HBA1-Gly25Ser,HBA1,25,mild
HBA1-Met32Leu,HBA1,32,mild
HBA1-His50Tyr,HBA1,50,mild
HBA1-Ala26Gly,HBA1,26,mild
HBA1-Lys139Glu,HBA1,139,benign
HBA1-His50Gln,HBA1,50,benign
HBA1-Leu109Pro,HBA1,109,severe
HBA1-Arg31Lys,HBA1,31,severe
HBA1-Met32Thr,HBA1,32,mild
HBA1-Glu30Asp,HBA1,30,mild
HBA1-Tyr24Asn,HBA1,24,mild
HBA1-Ala5Thr,HBA1,5,mild
HBA1-Lys139Asn,HBA1,139,mild
HBA1-Lys139Gln,HBA1,139,mild
HBA1-Ala13Thr,HBA1,13,mild
HBA1-Glu27Asp,HBA1,27,mild
HBA1-Leu101Val,HBA1,101,mild
HBA1-Gly15Cys,HBA1,15,mild
HBA1-Met32Ile,HBA1,32,severe
HBA1-Thr108Ile,HBA1,108,mild
HBA1-Lys60Gln,HBA1,60,mild
HBA1-Asp47His,HBA1,47,mild
HBA1-Val132Met,HBA1,132,benign
HBA1-Asn78Lys,HBA1,78,benign
HBA1-Phe98Tyr,HBA1,98,mild
HBA1-His87Gln,HBA1,87,severe
HBA1-Ser84Arg,HBA1,84,benign
HBA1-Lys61Asn,HBA1,61,mild
HBA1-Thr108Asn,HBA1,108,severe
HBA1-Asp85His,HBA1,85,mild
HBA1-Ser138Cys,HBA1,138,mild
HBA1-Asp6His,HBA1,6,mild
HBA1-Gly59Arg,HBA1,59,severe
HBA1-Asp85Val,HBA1,85,mild
HBA1-Pro119Ser,HBA1,119,severe
HBA1-Thr137Ile,HBA1,137,mild
HBA1-Val121Glu,HBA1,121,mild
HBA1-Ala111Val,HBA1,111,benign
HBA1-Leu48Pro,HBA1,48,mild
HBA1-Gly18Ser,HBA1,18,mild
HBA1-Gly59Ser,HBA1,59,mild
HBA1-Trp14Arg,HBA1,14,severe
HBA1-Ala110Val,HBA1,110,mild
HBA1-Asn68Lys,HBA1,68,benign
HBA1-Cys104Ser,HBA1,104,mild
HBA1-Gly51Ser,HBA1,51,benign
HBA1-His103Tyr,HBA1,103,mild
HBA1-Pro95Thr,HBA1,95,mild
HBA1-Leu129Pro,HBA1,129,severe
HBA1-Lys7Asn,HBA1,7,benign
HBA1-Tyr24Cys,HBA1,24,mild
HBA1-Gly59Asp,HBA1,59,severe
HBA1-Asp6Tyr,HBA1,6,mild
HBA1-Glu116Ala,HBA1,116,benign
HBA1-Asn68Asp,HBA1,68,mild
HBA1-Asp6Gly,HBA1,6,mild
HBA1-Asp94His,HBA1,94,mild
HBA1-Arg141Pro,HBA1,141,mild
HBA1-Asp64His,HBA1,64,mild
HBA1-Ala110Asp,HBA1,110,severe
HBA1-Gly15Arg,HBA1,15,benign
HBA1-Leu34Arg,HBA1,34,mild
HBA1-Gly57Asp,HBA1,57,benign
HBA1-Ser81Cys,HBA1,81,mild
HBA1-Pro44Leu,HBA1,44,severe
HBA1-Gln54Glu,HBA1,54,benign
HBA1-His87Tyr,HBA1,87,severe
HBA1-Lys127Asn,HBA1,127,benign
HBA1-Ala5Asp,HBA1,5,mild
HBA1-Lys90Thr,HBA1,90,benign
HBA1-His112Asp,HBA1,112,mild
HBA1-Phe43Leu,HBA1,43,severe
HBA1-Gly18Arg,HBA1,18,benign
HBA1-Asp74Asn,HBA1,74,mild
HBA1-Asp85Asn,HBA1,85,mild
HBA1-Pro114Arg,HBA1,114,mild
HBA1-Arg92Leu,HBA1,92,severe
HBA1-Glu23Lys,HBA1,23,mild
HBA1-Lys90Asn,HBA1,90,benign
HBA1-Asp47Asn,HBA1,47,mild
HBA1-Leu136Pro,HBA1,136,severe
