variant_id,af2_confidence,heme_distance_angstrom,burial_binary,residue_exposure,contact_count_wt,is_interface_residue,contact_map_delta,rmsd_angstrom
HBB-Gly119Ser,98.3,38.2,0,surface,8,False,1.9,0.0
HBB-Leu78Met,95.2,28.21,0,surface,9,False,0.0,0.0
HBB-Val34Leu,98.8,24.95,1,buried,10,True,1.81,0.22
HBB-Val54Ile,98.5,30.34,1,buried,10,False,1.81,0.16
HBB-Asn108Lys,98.8,21.92,1,buried,13,False,4.83,0.56
HBB-Phe42Ile,96.9,14.72,0,surface,7,False,0.73,0.0
HBB-Asn108His,98.8,21.92,1,buried,13,False,2.72,0.16
HBB-His77Leu,95.3,30.45,0,surface,6,False,0.34,0.0
HBB-Leu31Met,98.9,25.85,1,buried,10,True,0.0,1.04
HBB-Asp79Glu,93.1,27.71,1,buried,10,False,1.71,0.0
HBB-Val20Leu,97.9,34.78,0,surface,6,False,1.09,0.0
HBB-Asn108Ile,98.8,21.92,1,buried,13,False,3.47,4.36
HBB-His2Gln,79.3,26.39,0,surface,8,False,0.3,0.0
HBB-Leu96Arg,95.5,10.22,0,surface,7,False,1.6,0.34
HBB-Ala27Thr,98.8,28.77,1,buried,12,False,2.97,1.36
HBB-Gln131His,98.6,29.29,1,buried,10,False,0.38,0.16
HBB-Ala138Val,98.5,20.41,1,buried,12,False,4.34,1.31
HBB-Thr84Asn,96.9,21.84,0,surface,6,False,0.17,0.0
HBB-Pro100Thr,96.7,8.67,0,surface,7,True,0.2,0.0
HBB-Gly24Ser,98.8,30.46,1,buried,15,False,3.57,0.22
HBB-Ala115Val,98.8,32.2,1,buried,10,False,3.62,1.31
HBB-Leu78Val,95.2,28.21,0,surface,9,False,1.63,0.0
HBB-Ala70Pro,98.1,26.8,0,surface,9,False,1.97,0.0
HBB-Glu26Lys,98.6,27.77,1,buried,15,False,3.71,0.89
HBB-Asn139Ile,98.1,17.37,1,buried,12,False,3.2,4.36
HBB-Arg30Met,98.8,25.48,1,buried,13,True,2.97,3.83
HBB-His97Gln,96.2,10.24,0,surface,8,True,0.3,0.0
HBB-Thr4Asn,93.9,32.15,0,surface,9,False,0.26,0.0
HBB-Ala53Thr,98.6,32.33,0,surface,6,False,1.49,0.0
HBB-Ala129Thr,98.2,32.04,0,surface,8,False,1.98,0.0
HBB-Leu110Gln,98.9,24.86,1,buried,11,False,1.05,3.98
HBB-Glu43Lys,97.8,18.47,0,surface,7,False,1.73,0.68
HBB-Gly69Ala,98.4,25.54,1,buried,12,False,2.17,1.2
HBB-Leu28Val,98.9,25.89,1,buried,13,False,2.35,0.22
HBB-Ala53Val,98.6,32.33,0,surface,6,False,2.17,0.0
HBB-Leu14Val,97.4,38.37,0,surface,8,False,1.45,0.0
HBB-Val133Leu,98.2,26.83,1,buried,11,False,1.99,0.22
HBB-Ala128Thr,98.6,32.8,1,buried,11,False,2.72,1.36
HBB-Val137Met,97.7,21.95,1,buried,11,False,1.99,1.25
HBB-Asn102Ile,97.6,13.32,0,surface,6,True,1.6,0.0
HBB-Gly107Asp,98.9,20.23,1,buried,11,False,4.5,2.03
HBB-Thr38Ser,97.4,17.16,0,surface,6,True,1.14,0.0
HBB-Ala135Val,98.5,23.23,1,buried,11,False,3.98,1.31
HBB-Glu7Asp,96.6,39.15,0,surface,7,False,1.2,0.0
HBB-Ala70Gly,98.1,26.8,0,surface,9,False,1.63,0.0
HBB-Val67Leu,98.5,24.56,0,surface,9,False,1.63,0.0
HBB-Gly64Ser,98.6,23.49,1,buried,11,False,2.62,0.22
HBB-Lys61Thr,98.8,24.95,1,buried,13,False,5.2,2.08
HBB-Trp37Cys,97.5,20.73,0,surface,8,False,5.87,0.0
HBB-His92Gln,98.0,12.61,0,surface,9,False,0.34,0.0
HBB-Val60Leu,98.8,26.26,0,surface,7,False,1.27,0.0
HBB-Ala86Ser,98.2,18.99,1,buried,11,False,0.63,1.42
HBB-Asn139Lys,98.1,17.37,1,buried,12,False,4.46,0.56
HBB-Glu101Asp,96.8,10.79,0,surface,9,True,1.54,0.0
HBA1-Val55Ile,98.8,126.49,0,surface,9,False,1.63,0.0
HBA1-His20Gln,96.4,116.74,0,surface,5,False,0.19,0.0
HBA1-Phe128Val,98.7,100.81,1,buried,10,True,2.86,0.76
HBA1-Pro114His,97.8,104.25,1,buried,10,False,2.67,0.87
HBA1-Ala82Pro,98.4,118.43,1,buried,10,False,2.19,1.85
HBA1-Asp64Ala,98.6,116.02,1,buried,12,False,2.74,3.23
HBA1-Cys104Tyr,98.9,105.65,0,surface,8,False,4.19,0.0
HBA1-Phe128Ser,98.7,100.81,1,buried,10,True,5.9,1.96
HBA1-Asp85Gly,98.4,117.85,1,buried,13,False,5.32,2.03
HBA1-Glu23Ala,97.0,118.19,1,buried,15,False,6.0,3.23
HBA1-Phe117Val,97.6,100.37,0,surface,7,False,2.0,0.0
HBA1-Val55Gly,98.8,126.49,0,surface,9,False,4.89,0.0
HBA1-Asn97Ile,98.0,109.87,0,surface,6,False,1.6,0.0
HBA1-Met76Ile,98.2,111.26,0,surface,7,False,0.0,0.0
HBA1-Leu101Pro,98.8,108.8,1,buried,10,False,3.24,2.94
HBA1-Ser52Cys,97.7,123.28,0,surface,6,False,0.74,0.0
HBA1-Phe46Leu,98.2,129.14,0,surface,4,False,0.42,0.0
HBA1-Ser131Ala,98.5,104.71,1,buried,10,True,0.57,1.42
HBA1-Gly25Ser,98.8,113.82,1,buried,13,False,3.1,0.22
HBA1-Met32Leu,98.9,112.58,0,surface,9,False,0.0,0.0
HBA1-His50Tyr,98.5,123.96,0,surface,5,False,1.1,0.0
HBA1-Ala26Gly,98.7,115.43,1,buried,15,False,2.71,1.2
HBA1-Lys139Glu,97.7,112.75,0,surface,8,False,1.98,0.68
HBA1-His50Gln,98.5,123.96,0,surface,5,False,0.19,0.0
HBA1-Leu109Pro,98.9,108.15,1,buried,11,False,3.56,2.94
HBA1-Arg31Lys,98.9,116.3,1,buried,11,False,1.36,0.33
HBA1-Met32Thr,98.9,112.58,0,surface,9,False,2.66,0.0
HBA1-Glu30Asp,98.9,115.78,1,buried,12,False,2.06,0.0
HBA1-Tyr24Asn,98.4,117.33,1,buried,10,False,4.29,1.2
HBA1-Ala5Thr,98.5,98.58,0,surface,6,False,1.49,0.0
HBA1-Lys139Asn,97.7,112.75,0,surface,8,False,2.97,0.34
HBA1-Lys139Gln,97.7,112.75,0,surface,8,False,1.6,0.34
HBA1-Ala13Thr,98.4,104.11,0,surface,8,False,1.98,0.0
HBA1-Glu27Asp,98.8,117.71,1,buried,14,False,2.4,0.0
HBA1-Leu101Val,98.8,108.8,1,buried,10,False,1.81,0.22
HBA1-Gly15Cys,98.2,108.14,1,buried,10,False,3.62,1.58
HBA1-Met32Ile,98.9,112.58,0,surface,9,False,0.0,0.0
HBA1-Thr108Ile,98.8,105.17,0,surface,9,False,2.66,0.0
HBA1-Lys60Gln,98.8,119.17,1,buried,16,False,3.2,0.56
HBA1-Asp47His,98.5,127.21,0,surface,7,False,1.8,0.34
HBA1-Val132Met,98.4,105.76,1,buried,10,False,1.81,1.25
HBA1-Asn78Lys,98.3,113.21,0,surface,7,False,2.6,0.34
HBA1-Phe98Tyr,98.5,111.99,0,surface,9,False,0.51,0.0
HBA1-His87Gln,98.6,122.71,0,surface,9,False,0.34,0.0
HBA1-Ser84Arg,98.6,119.75,0,surface,8,False,5.71,0.34
HBA1-Lys61Asn,98.7,120.46,1,buried,13,False,4.83,0.56
HBA1-Thr108Asn,98.8,105.17,0,surface,9,False,0.26,0.0
HBA1-Asp85His,98.4,117.85,1,buried,13,False,3.34,0.5
HBA1-Ser138Cys,98.2,113.08,1,buried,11,False,1.36,1.8
HBA1-Asp6His,98.6,96.79,0,surface,7,False,1.8,0.34
HBA1-Gly59Arg,98.8,122.44,1,buried,10,False,9.52,2.57
HBA1-Asp85Val,98.4,117.85,1,buried,13,False,1.73,4.54
HBA1-Pro119Ser,98.7,95.88,0,surface,7,False,1.13,0.0
HBA1-Thr137Ile,98.5,113.93,1,buried,14,False,4.13,2.84
HBA1-Val121Glu,98.6,94.25,0,surface,7,False,0.27,0.34
HBA1-Ala111Val,98.7,103.2,0,surface,9,False,3.26,0.0
HBA1-Leu48Pro,98.8,127.35,0,surface,7,False,2.27,0.0
HBA1-Gly18Ser,97.7,110.51,0,surface,8,False,1.9,0.0
HBA1-Gly59Ser,98.8,122.44,1,buried,10,False,2.38,0.22
HBA1-Trp14Arg,98.4,104.57,1,buried,12,False,1.71,2.3
HBA1-Ala110Val,98.6,106.26,1,buried,10,False,3.62,1.31
HBA1-Asn68Lys,98.6,114.05,0,surface,9,False,3.34,0.34
HBA1-Cys104Ser,98.9,105.65,0,surface,8,False,0.99,0.0
HBA1-Gly51Ser,98.6,121.84,0,surface,5,False,1.19,0.0
HBA1-His103Tyr,98.8,107.75,1,buried,11,True,2.41,1.04
HBA1-Pro95Thr,98.2,115.05,0,surface,6,False,0.17,0.0
HBA1-Leu129Pro,98.8,104.07,1,buried,11,False,3.56,2.94
HBA1-Lys7Asn,98.8,98.81,1,buried,12,False,4.46,0.56
HBA1-Tyr24Cys,98.4,117.33,1,buried,10,False,5.24,2.07
HBA1-Gly59Asp,98.8,122.44,1,buried,10,False,4.1,2.03
HBA1-Asp6Tyr,98.6,96.79,0,surface,7,False,3.33,0.34
HBA1-Glu116Ala,97.8,99.75,0,surface,5,False,2.0,0.34
HBA1-Asn68Asp,98.6,114.05,0,surface,9,False,0.43,0.34
HBA1-Asp6Gly,98.6,96.79,0,surface,7,False,2.87,0.34
HBA1-Asp94His,97.8,117.92,0,surface,8,False,2.06,0.34
HBA1-Arg141Pro,96.4,116.41,0,surface,7,False,3.87,0.34
HBA1-Asp64His,98.6,116.02,1,buried,12,False,3.09,0.5
HBA1-Ala110Asp,98.6,106.26,1,buried,10,False,2.29,3.23
HBA1-Gly15Arg,98.2,108.14,1,buried,10,False,9.52,2.57
HBA1-Leu34Arg,98.8,116.13,1,buried,12,True,2.74,4.86
HBA1-Gly57Asp,98.8,122.52,1,buried,13,False,5.32,2.03
HBA1-Ser81Cys,98.6,116.61,1,buried,12,False,1.49,1.8
HBA1-Pro44Leu,98.6,123.89,0,surface,7,False,2.27,0.0
HBA1-Gln54Glu,98.8,127.0,0,surface,6,False,0.29,0.34
HBA1-His87Tyr,98.6,122.71,0,surface,9,False,1.97,0.0
HBA1-Lys127Asn,98.8,101.37,1,buried,10,True,3.71,0.56
HBA1-Ala5Asp,98.5,98.58,0,surface,6,False,1.37,0.34
HBA1-Lys90Thr,97.4,123.22,0,surface,8,False,3.2,0.34
HBA1-His112Asp,98.6,105.51,0,surface,7,False,1.8,0.34
HBA1-Phe43Leu,98.7,121.79,0,surface,6,False,0.63,0.0
HBA1-Gly18Arg,97.7,110.51,0,surface,8,False,7.62,0.34
HBA1-Asp74Asn,98.2,108.3,0,surface,8,False,0.38,0.34
HBA1-Asp85Asn,98.4,117.85,1,buried,13,False,0.62,0.34
HBA1-Pro114Arg,97.8,104.25,1,buried,10,False,5.52,1.92
HBA1-Arg92Leu,97.5,122.97,0,surface,7,False,1.6,0.34
HBA1-Glu23Lys,97.0,118.19,1,buried,15,False,3.71,0.89
HBA1-Lys90Asn,97.4,123.22,0,surface,8,False,2.97,0.34
HBA1-Asp47Asn,98.5,127.21,0,surface,7,False,0.33,0.34
HBA1-Leu136Pro,98.2,111.28,1,buried,12,False,3.89,2.94
