variant_id,gene,position,wt_aa,mut_aa,wt_aa_1,mut_aa_1,severity_label,clinvar_significance,uniprot_id
HBB-Gly119Ser,HBB,119,Gly,Ser,G,S,mild,uncertain significance,P68871
HBB-Leu78Met,HBB,78,Leu,Met,L,M,mild,uncertain significance,P68871
HBB-Val34Leu,HBB,34,Val,Leu,V,L,mild,uncertain significance,P68871
HBB-Val54Ile,HBB,54,Val,Ile,V,I,mild,uncertain significance,P68871
HBB-Asn108Lys,HBB,108,Asn,Lys,N,K,severe,likely pathogenic,P68871
HBB-Phe42Ile,HBB,42,Phe,Ile,F,I,severe,likely pathogenic,P68871
HBB-Asn108His,HBB,108,Asn,His,N,H,mild,uncertain significance,P68871
HBB-His77Leu,HBB,77,His,Leu,H,L,benign,likely benign,P68871
HBB-Leu31Met,HBB,31,Leu,Met,L,M,mild,uncertain significance,P68871
HBB-Asp79Glu,HBB,79,Asp,Glu,D,E,mild,uncertain significance,P68871
HBB-Val20Leu,HBB,20,Val,Leu,V,L,mild,uncertain significance,P68871
HBB-Asn108Ile,HBB,108,Asn,Ile,N,I,mild,uncertain significance,P68871
HBB-His2Gln,HBB,2,His,Gln,H,Q,benign,likely benign,P68871
HBB-Leu96Arg,HBB,96,Leu,Arg,L,R,severe,pathogenic,P68871
HBB-Ala27Thr,HBB,27,Ala,Thr,A,T,severe,likely pathogenic,P68871
HBB-Gln131His,HBB,131,Gln,His,Q,H,mild,uncertain significance,P68871
HBB-Ala138Val,HBB,138,Ala,Val,A,V,mild,uncertain significance,P68871
HBB-Thr84Asn,HBB,84,Thr,Asn,T,N,mild,uncertain significance,P68871
HBB-Pro100Thr,HBB,100,Pro,Thr,P,T,mild,uncertain significance,P68871
HBB-Gly24Ser,HBB,24,Gly,Ser,G,S,mild,uncertain significance,P68871
HBB-Ala115Val,HBB,115,Ala,Val,A,V,mild,uncertain significance,P68871
HBB-Leu78Val,HBB,78,Leu,Val,L,V,mild,uncertain significance,P68871
HBB-Ala70Pro,HBB,70,Ala,Pro,A,P,mild,uncertain significance,P68871
HBB-Glu26Lys,HBB,26,Glu,Lys,E,K,severe,pathogenic,P68871
HBB-Asn139Ile,HBB,139,Asn,Ile,N,I,mild,uncertain significance,P68871
HBB-Arg30Met,HBB,30,Arg,Met,R,M,severe,likely pathogenic,P68871
HBB-His97Gln,HBB,97,His,Gln,H,Q,severe,pathogenic,P68871
HBB-Thr4Asn,HBB,4,Thr,Asn,T,N,mild,uncertain significance,P68871
HBB-Ala53Thr,HBB,53,Ala,Thr,A,T,severe,likely pathogenic,P68871
HBB-Ala129Thr,HBB,129,Ala,Thr,A,T,mild,uncertain significance,P68871
HBB-Leu110Gln,HBB,110,Leu,Gln,L,Q,mild,uncertain significance,P68871
HBB-Glu43Lys,HBB,43,Glu,Lys,E,K,mild,uncertain significance,P68871
HBB-Gly69Ala,HBB,69,Gly,Ala,G,A,mild,uncertain significance,P68871
HBB-Leu28Val,HBB,28,Leu,Val,L,V,mild,uncertain significance,P68871
HBB-Ala53Val,HBB,53,Ala,Val,A,V,mild,uncertain significance,P68871
HBB-Leu14Val,HBB,14,Leu,Val,L,V,mild,uncertain significance,P68871
HBB-Val133Leu,HBB,133,Val,Leu,V,L,mild,uncertain significance,P68871
HBB-Ala128Thr,HBB,128,Ala,Thr,A,T,mild,uncertain significance,P68871
HBB-Val137Met,HBB,137,Val,Met,V,M,mild,uncertain significance,P68871
HBB-Asn102Ile,HBB,102,Asn,Ile,N,I,mild,uncertain significance,P68871
HBB-Gly107Asp,HBB,107,Gly,Asp,G,D,severe,likely pathogenic,P68871
HBB-Thr38Ser,HBB,38,Thr,Ser,T,S,mild,uncertain significance,P68871
HBB-Ala135Val,HBB,135,Ala,Val,A,V,mild,uncertain significance,P68871
HBB-Glu7Asp,HBB,7,Glu,Asp,E,D,mild,uncertain significance,P68871
HBB-Ala70Gly,HBB,70,Ala,Gly,A,G,mild,uncertain significance,P68871
HBB-Val67Leu,HBB,67,Val,Leu,V,L,mild,uncertain significance,P68871
HBB-Gly64Ser,HBB,64,Gly,Ser,G,S,mild,uncertain significance,P68871
HBB-Lys61Thr,HBB,61,Lys,Thr,K,T,mild,uncertain significance,P68871
HBB-Trp37Cys,HBB,37,Trp,Cys,W,C,mild,uncertain significance,P68871
HBB-His92Gln,HBB,92,His,Gln,H,Q,severe,likely pathogenic,P68871
HBB-Val60Leu,HBB,60,Val,Leu,V,L,mild,uncertain significance,P68871
HBB-Ala86Ser,HBB,86,Ala,Ser,A,S,mild,uncertain significance,P68871
HBB-Asn139Lys,HBB,139,Asn,Lys,N,K,mild,uncertain significance,P68871
HBB-Glu101Asp,HBB,101,Glu,Asp,E,D,mild,uncertain significance,P68871
HBA1-Val55Ile,HBA1,55,Val,Ile,V,I,mild,uncertain significance,P69905
HBA1-His20Gln,HBA1,20,His,Gln,H,Q,benign,likely benign,P69905
HBA1-Phe128Val,HBA1,128,Phe,Val,F,V,mild,uncertain significance,P69905
HBA1-Pro114His,HBA1,114,Pro,His,P,H,mild,uncertain significance,P69905
HBA1-Ala82Pro,HBA1,82,Ala,Pro,A,P,mild,uncertain significance,P69905
HBA1-Asp64Ala,HBA1,64,Asp,Ala,D,A,mild,uncertain significance,P69905
HBA1-Cys104Tyr,HBA1,104,Cys,Tyr,C,Y,mild,uncertain significance,P69905
HBA1-Phe128Ser,HBA1,128,Phe,Ser,F,S,severe,likely pathogenic,P69905
HBA1-Asp85Gly,HBA1,85,Asp,Gly,D,G,mild,uncertain significance,P69905
HBA1-Glu23Ala,HBA1,23,Glu,Ala,E,A,mild,uncertain significance,P69905
HBA1-Phe117Val,HBA1,117,Phe,Val,F,V,mild,uncertain significance,P69905
HBA1-Val55Gly,HBA1,55,Val,Gly,V,G,mild,uncertain significance,P69905
HBA1-Asn97Ile,HBA1,97,Asn,Ile,N,I,mild,uncertain significance,P69905
HBA1-Met76Ile,HBA1,76,Met,Ile,M,I,mild,uncertain significance,P69905
HBA1-Leu101Pro,HBA1,101,Leu,Pro,L,P,mild,uncertain significance,P69905
HBA1-Ser52Cys,HBA1,52,Ser,Cys,S,C,mild,uncertain significance,P69905
HBA1-Phe46Leu,HBA1,46,Phe,Leu,F,L,mild,uncertain significance,P69905
HBA1-Ser131Ala,HBA1,131,Ser,Ala,S,A,mild,uncertain significance,P69905
HBA1-Gly25Ser,HBA1,25,Gly,Ser,G,S,mild,uncertain significance,P69905
HBA1-Met32Leu,HBA1,32,Met,Leu,M,L,mild,uncertain significance,P69905
HBA1-His50Tyr,HBA1,50,His,Tyr,H,Y,mild,uncertain significance,P69905
HBA1-Ala26Gly,HBA1,26,Ala,Gly,A,G,mild,uncertain significance,P69905
HBA1-Lys139Glu,HBA1,139,Lys,Glu,K,E,benign,likely benign,P69905
HBA1-His50Gln,HBA1,50,His,Gln,H,Q,benign,likely benign,P69905
HBA1-Leu109Pro,HBA1,109,Leu,Pro,L,P,severe,likely pathogenic,P69905
HBA1-Arg31Lys,HBA1,31,Arg,Lys,R,K,severe,likely pathogenic,P69905
HBA1-Met32Thr,HBA1,32,Met,Thr,M,T,mild,uncertain significance,P69905
HBA1-Glu30Asp,HBA1,30,Glu,Asp,E,D,mild,uncertain significance,P69905
HBA1-Tyr24Asn,HBA1,24,Tyr,Asn,Y,N,mild,uncertain significance,P69905
HBA1-Ala5Thr,HBA1,5,Ala,Thr,A,T,mild,uncertain significance,P69905
HBA1-Lys139Asn,HBA1,139,Lys,Asn,K,N,mild,uncertain significance,P69905
HBA1-Lys139Gln,HBA1,139,Lys,Gln,K,Q,mild,uncertain significance,P69905
HBA1-Ala13Thr,HBA1,13,Ala,Thr,A,T,mild,uncertain significance,P69905
HBA1-Glu27Asp,HBA1,27,Glu,Asp,E,D,mild,uncertain significance,P69905
HBA1-Leu101Val,HBA1,101,Leu,Val,L,V,mild,uncertain significance,P69905
HBA1-Gly15Cys,HBA1,15,Gly,Cys,G,C,mild,uncertain significance,P69905
HBA1-Met32Ile,HBA1,32,Met,Ile,M,I,severe,likely pathogenic,P69905
HBA1-Thr108Ile,HBA1,108,Thr,Ile,T,I,mild,uncertain significance,P69905
HBA1-Lys60Gln,HBA1,60,Lys,Gln,K,Q,mild,uncertain significance,P69905
HBA1-Asp47His,HBA1,47,Asp,His,D,H,mild,uncertain significance,P69905
HBA1-Val132Met,HBA1,132,Val,Met,V,M,benign,likely benign,P69905
HBA1-Asn78Lys,HBA1,78,Asn,Lys,N,K,benign,benign,P69905
HBA1-Phe98Tyr,HBA1,98,Phe,Tyr,F,Y,mild,uncertain significance,P69905
HBA1-His87Gln,HBA1,87,His,Gln,H,Q,severe,likely pathogenic,P69905
HBA1-Ser84Arg,HBA1,84,Ser,Arg,S,R,benign,likely benign,P69905
HBA1-Lys61Asn,HBA1,61,Lys,Asn,K,N,mild,uncertain significance,P69905
HBA1-Thr108Asn,HBA1,108,Thr,Asn,T,N,severe,likely pathogenic,P69905
HBA1-Asp85His,HBA1,85,Asp,His,D,H,mild,uncertain significance,P69905
HBA1-Ser138Cys,HBA1,138,Ser,Cys,S,C,mild,uncertain significance,P69905
HBA1-Asp6His,HBA1,6,Asp,His,D,H,mild,uncertain significance,P69905
HBA1-Gly59Arg,HBA1,59,Gly,Arg,G,R,severe,pathogenic/likely pathogenic,P69905
HBA1-Asp85Val,HBA1,85,Asp,Val,D,V,mild,uncertain significance,P69905
HBA1-Pro119Ser,HBA1,119,Pro,Ser,P,S,severe,pathogenic,P69905
HBA1-Thr137Ile,HBA1,137,Thr,Ile,T,I,mild,uncertain significance,P69905
HBA1-Val121Glu,HBA1,121,Val,Glu,V,E,mild,uncertain significance,P69905
HBA1-Ala111Val,HBA1,111,Ala,Val,A,V,benign,likely benign,P69905
HBA1-Leu48Pro,HBA1,48,Leu,Pro,L,P,mild,uncertain significance,P69905
HBA1-Gly18Ser,HBA1,18,Gly,Ser,G,S,mild,uncertain significance,P69905
HBA1-Gly59Ser,HBA1,59,Gly,Ser,G,S,mild,uncertain significance,P69905
HBA1-Trp14Arg,HBA1,14,Trp,Arg,W,R,severe,pathogenic/likely pathogenic,P69905
HBA1-Ala110Val,HBA1,110,Ala,Val,A,V,mild,uncertain significance,P69905
HBA1-Asn68Lys,HBA1,68,Asn,Lys,N,K,benign,likely benign,P69905
HBA1-Cys104Ser,HBA1,104,Cys,Ser,C,S,mild,uncertain significance,P69905
HBA1-Gly51Ser,HBA1,51,Gly,Ser,G,S,benign,likely benign,P69905
HBA1-His103Tyr,HBA1,103,His,Tyr,H,Y,mild,uncertain significance,P69905
HBA1-Pro95Thr,HBA1,95,Pro,Thr,P,T,mild,uncertain significance,P69905
HBA1-Leu129Pro,HBA1,129,Leu,Pro,L,P,severe,likely pathogenic,P69905
HBA1-Lys7Asn,HBA1,7,Lys,Asn,K,N,benign,likely benign,P69905
HBA1-Tyr24Cys,HBA1,24,Tyr,Cys,Y,C,mild,uncertain significance,P69905
HBA1-Gly59Asp,HBA1,59,Gly,Asp,G,D,severe,pathogenic,P69905
HBA1-Asp6Tyr,HBA1,6,Asp,Tyr,D,Y,mild,uncertain significance,P69905
HBA1-Glu116Ala,HBA1,116,Glu,Ala,E,A,benign,likely benign,P69905
HBA1-Asn68Asp,HBA1,68,Asn,Asp,N,D,mild,uncertain significance,P69905
HBA1-Asp6Gly,HBA1,6,Asp,Gly,D,G,mild,uncertain significance,P69905
HBA1-Asp94His,HBA1,94,Asp,His,D,H,mild,uncertain significance,P69905
HBA1-Arg141Pro,HBA1,141,Arg,Pro,R,P,mild,uncertain significance,P69905
HBA1-Asp64His,HBA1,64,Asp,His,D,H,mild,uncertain significance,P69905
HBA1-Ala110Asp,HBA1,110,Ala,Asp,A,D,severe,likely pathogenic,P69905
HBA1-Gly15Arg,HBA1,15,Gly,Arg,G,R,benign,likely benign,P69905
HBA1-Leu34Arg,HBA1,34,Leu,Arg,L,R,mild,uncertain significance,P69905
HBA1-Gly57Asp,HBA1,57,Gly,Asp,G,D,benign,likely benign,P69905
HBA1-Ser81Cys,HBA1,81,Ser,Cys,S,C,mild,uncertain significance,P69905
HBA1-Pro44Leu,HBA1,44,Pro,Leu,P,L,severe,likely pathogenic,P69905
HBA1-Gln54Glu,HBA1,54,Gln,Glu,Q,E,benign,benign/likely benign,P69905
HBA1-His87Tyr,HBA1,87,His,Tyr,H,Y,severe,pathogenic/likely pathogenic,P69905
HBA1-Lys127Asn,HBA1,127,Lys,Asn,K,N,benign,likely benign,P69905
HBA1-Ala5Asp,HBA1,5,Ala,Asp,A,D,mild,uncertain significance,P69905
HBA1-Lys90Thr,HBA1,90,Lys,Thr,K,T,benign,likely benign,P69905
HBA1-His112Asp,HBA1,112,His,Asp,H,D,mild,uncertain significance,P69905
HBA1-Phe43Leu,HBA1,43,Phe,Leu,F,L,severe,likely pathogenic,P69905
HBA1-Gly18Arg,HBA1,18,Gly,Arg,G,R,benign,likely benign,P69905
HBA1-Asp74Asn,HBA1,74,Asp,Asn,D,N,mild,uncertain significance,P69905
HBA1-Asp85Asn,HBA1,85,Asp,Asn,D,N,mild,uncertain significance,P69905
HBA1-Pro114Arg,HBA1,114,Pro,Arg,P,R,mild,uncertain significance,P69905
HBA1-Arg92Leu,HBA1,92,Arg,Leu,R,L,severe,likely pathogenic,P69905
HBA1-Glu23Lys,HBA1,23,Glu,Lys,E,K,mild,uncertain significance,P69905
HBA1-Lys90Asn,HBA1,90,Lys,Asn,K,N,benign,likely benign,P69905
HBA1-Asp47Asn,HBA1,47,Asp,Asn,D,N,mild,uncertain significance,P69905
HBA1-Leu136Pro,HBA1,136,Leu,Pro,L,P,severe,pathogenic,P69905
